stop_id,arrival_time,departure_time,departure_stop_id,route,transfer_route,radius_ft,stop_des
5,12:09,12:05,706,80,null,1320,W DAYTON & N ORCHARD (EB)
10,12:12,12:02,809,1,80,1320,LANGDON & N PARK (WB)
11,12:12,12:02,809,1,80,1320,LANGDON: ARRIVALS ONLY (WB)
39,12:14,12:05,706,80,null,1320,N LAKE & W JOHNSON (NB)
40,12:11,12:02,809,1,80,1320,LANGDON & N LAKE (WB)
52,12:14,12:02,809,1,80,1320,OBSERVATORY & N CHARTER (WB)
60,12:14,12:02,809,1,80,1320,OBSERVATORY & BASCOM (WB)
61,12:10,12:05,706,80,null,1320,W DAYTON & N MILLS (EB)
73,12:13,12:05,706,80,null,1320,W DAYTON & E CAMPUS MALL (EB)
77,12:12,12:05,706,80,null,1320,W DAYTON & N PARK (EB)
87,12:29,12:02,809,1,null,1320,N BROOM & W GORHAM (NB)
91,12:10,12:02,809,1,80,1320,N LAKE & STATE (NB)
100,12:26,12:15,5,80,2,1320,UNIV AVE & N PARK (WB)
104,12:40,12:21,298,80,4,1320,N MILLS & W DAYTON (SB)
115,12:49,12:35,160,19,6,1320,N PARK & REGENT (NB)
121,12:23,12:06,581,3,4,1320,W BADGER & FIEDLER (EB)
133,12:24,12:10,184,80,2,1320,UNIV AVE & N BREESE (EB)
146,12:18,12:06,581,3,4,1320,FISH HATCHERY & MIDLAND (SB)
158,12:13,12:06,581,3,4,1320,S MILLS & VILAS (SB)
160,12:09,12:08,178,10,null,1320,UNIV AVE & N RANDALL (WB)
161,12:26,12:02,809,1,null,1320,S BROOM & W DOTY (NB)
167,12:42,12:06,581,3,4,1320,S MILLS & MOUND (NB)
170,12:21,12:06,581,3,4,1320,FISH HATCHERY & CATALPA (SB)
173,12:23,12:06,581,3,4,1320,W BADGER & CYPRESS (EB)
174,12:45,12:19,133,19,5,1320,S PARK & FISH HATCHERY (SB)
178,12:12,12:06,581,3,15,1320,UNIV AVE & N ORCHARD (WB)
184,12:10,12:09,488,80,null,1320,LINDEN & HENRY MALL (WB)
190,12:11,12:06,581,3,4,1320,N MILLS & REGENT (SB)
208,12:36,12:27,5,80,6,1320,REGENT & N ORCHARD (WB)
222,12:50,12:19,133,19,5,1320,FISHER & BRAM (SB)
234,12:27,12:15,5,80,2,1320,UNIV AVE & N MILLS (WB)
235,12:17,12:02,809,1,5,1320,WEST WASH & S HENRY (EB)
248,12:23,12:02,809,1,null,1320,W WILSON & S CARROLL (WB)
252,12:45,12:25,809,15,null,1320,STATE & W GORHAM (WB)
256,12:55,12:27,5,80,13,900,N MILLS & UNIV AVE (SB)
265,12:20,12:09,5,80,4,1320,STATE & N LAKE (EB)
266,12:17,12:06,581,3,4,1320,FISH HATCHERY & S PARK (SB)
288,12:16,12:06,581,3,4,1320,S PARK & ERIN (SB)
298,12:15,12:11,532,80,80,1320,BABCOCK & LINDEN (SB)
300,12:39,12:06,581,3,4,1320,ERIN & S MILLS (WB)
313,12:10,12:02,809,1,null,1320,W WILSON & S BASSETT (EB)
320,12:51,12:19,133,19,5,1320,FISHER & DANE (SB)
327,12:48,12:35,160,19,6,1320,REGENT & S MILLS (EB)
336,12:07,12:05,706,80,null,1320,N RANDALL & ENGINEERING (SB)
353,12:22,12:06,581,3,4,1320,W BADGER & FISH HATCHERY (EB)
360,12:46,12:19,133,19,5,1320,S PARK & W OLIN (SB)
375,12:41,12:06,581,3,4,1320,S MILLS & VILAS (NB)
388,12:34,12:27,5,80,6,1320,N PARK & SPRING (SB)
391,12:33,12:06,581,3,4,1320,FISH HATCHERY & CARVER (NB)
392,12:10,12:06,581,3,4,1320,N MILLS & SPRING (SB)
398,12:36,12:27,5,80,6,1320,REGENT & N RANDALL (WB)
405,12:33,12:06,581,3,4,1320,FISH HATCHERY & CATALPA (NB)
406,12:38,12:27,5,80,6,1320,REGENT & N BREESE (WB)
418,12:40,12:19,133,19,5,1320,WEST WASH & N BEDFORD (WB)
428,12:30,12:02,809,1,null,1320,W GORHAM & N BASSETT (WB)
435,12:06,12:02,809,1,null,1320,W JOHNSON & N LAKE (EB)
438,12:11,12:09,573,80,null,1320,LINDEN & N CHARTER (EB)
441,12:45,12:06,581,3,4,1320,N MILLS & W JOHNSON (NB)
445,12:44,12:06,581,3,4,1320,N MILLS & SPRING (NB)
454,12:20,12:19,542,3,null,1320,BREESE & HOYT (SB)
455,12:05,12:02,809,1,null,1320,W JOHNSON & N PARK (EB)
456,12:21,12:06,581,3,4,1320,FISH HATCHERY & CARVER (SB)
459,12:15,12:06,581,3,4,1320,ERIN & S MILLS (EB)
470,12:07,12:02,809,1,null,1320,N BASSETT & W DAYTON (SB)
483,12:50,12:35,160,19,6,1320,N PARK & SPRING (NB)
488,12:15,12:02,809,1,80,1320,LINDEN & N CHARTER (WB)
499,12:32,12:06,581,3,4,1320,FISH HATCHERY & W BADGER (NB)
505,12:22,12:09,5,80,4,1320,STATE & W GILMAN (EB)
506,12:59,12:19,133,19,6,180,STATE & N FRANCES (WB)
512,12:39,12:19,133,19,5,1320,WEST WASH & N BASSETT (WB)
516,12:41,12:19,133,19,5,1320,WEST WASH & REGENT (WB)
519,12:37,12:06,581,3,4,1320,S PARK & FISH HATCHERY (NB)
520,12:09,12:02,809,1,null,1320,S BASSETT & W DOTY (SB)
530,12:18,12:06,581,3,4,1320,FISH HATCHERY & APPLETON (SB)
532,12:11,12:09,488,80,null,1320,LINDEN & BABCOCK (WB)
533,12:46,12:35,160,19,6,1320,REGENT & N BREESE (EB)
536,12:19,12:06,581,3,4,1320,FISH HATCHERY & WINGRA (SB)
542,12:19,12:17,178,3,null,1320,BREESE & UNIV AVE (SB)
548,12:35,12:27,5,80,6,1320,REGENT & N MILLS (WB)
549,12:23,12:09,5,80,4,1320,STATE & W GORHAM (EB)
555,12:11,12:04,809,3,null,1320,W JOHNSON & N BASSETT (EB)
561,12:51,12:35,160,19,6,1320,N PARK & W DAYTON (NB)
564,12:24,12:02,809,1,null,1320,W WILSON & S HAMILTON (WB)
567,12:34,12:27,809,10,null,1320,W JOHNSON & N CARROLL (EB)
568,12:31,12:02,809,1,null,1320,UNIV AVE & N FRANCES (WB)
573,12:09,12:09,298,80,null,1320,LINDEN & HENRY MALL (EB)
581,12:03,12:02,809,1,null,1320,W JOHNSON & N CHARTER (EB)
583,12:47,12:35,160,19,6,1320,REGENT & S ORCHARD (EB)
588,12:49,12:19,133,19,5,1320,BELD & KENWARD (SB)
590,12:31,12:06,581,3,4,1320,W BADGER & CYPRESS (WB)
593,12:28,12:02,809,1,null,1320,N BROOM & W DAYTON (NB)
597,12:35,12:27,809,10,null,1320,E JOHNSON & N PINCKNEY (EB)
624,12:12,12:06,581,3,4,1320,S MILLS & MOUND (SB)
668,12:25,12:02,809,1,null,1320,W DOTY & S HENRY (WB)
670,12:31,12:02,809,1,null,1320,UNIV AVE & N LAKE (WB)
688,12:58,12:19,133,19,6,360,STATE & W GILMAN (WB)
692,12:21,12:19,178,10,null,1320,UNIV AVE & N BREESE (WB)
706,12:11,12:09,573,80,null,1320,N CHARTER & UNIV AVE (SB)
710,12:08,12:02,809,1,null,1320,S BASSETT & WEST WASH (SB)
739,12:43,12:06,581,3,4,1320,N MILLS & COLLEGE (NB)
741,12:04,12:02,809,1,null,1320,W JOHNSON & N MILLS (EB)
758,13:00,12:15,809,10,null,0,E GORHAM & N PINCKNEY (WB)
765,12:09,12:02,809,1,80,1320,N LAKE & UNIV AVE (NB)
768,12:40,12:19,133,19,5,1320,WEST WASH & SW PATH (WB)
770,12:42,12:19,133,19,5,1320,WEST WASH & PED BRIDGE (WB)
782,12:32,12:06,581,3,4,1320,W BADGER & FIEDLER (WB)
791,12:11,12:02,809,1,null,1320,W WILSON & S HAMILTON (EB)
803,12:24,12:09,5,80,4,1320,STATE & W JOHNSON (EB)
809,12:15,12:14,133,10,null,1320,CAMPUS & BABCOCK RR (EB)
837,12:44,12:06,581,3,4,1320,N MILLS & W DAYTON (NB)
839,12:12,12:04,809,3,null,1320,W JOHNSON & N BROOM (EB)
840,12:43,12:19,133,19,5,1320,S PARK & WEST WASH (SB)
841,12:43,12:06,581,3,4,1320,S MILLS & REGENT (NB)
843,12:36,12:06,581,3,4,1320,FISH HATCHERY & APPLETON (NB)
845,12:35,12:06,581,3,4,1320,FISH HATCHERY & PLAENERT (NB)
866,12:37,12:27,5,80,6,1320,REGENT & MADISON (WB)
883,12:14,12:04,809,3,null,1320,STATE & N FAIRCHILD (EB)
890,12:47,12:19,133,19,5,1320,S PARK & BELD (SB)
898,12:44,12:25,809,15,null,1320,STATE & W JOHNSON (WB)
901,12:48,12:19,133,19,5,1320,WINGRA & S PARK (EB)
904,12:38,12:06,581,3,4,1320,ERIN & S PARK (WB)
906,12:52,12:19,133,19,5,1320,S PARK & BUICK (SB)
915,12:36,12:06,581,3,4,1320,FISH HATCHERY & MIDLAND (NB)
916,12:20,12:19,542,3,null,1320,BREESE & REGENT (SB)
926,13:00,12:19,133,19,6,0,N LAKE & STATE (SB)
941,12:06,12:02,809,1,null,1320,W JOHNSON & N FRANCES (EB)
962,12:35,12:27,5,80,6,1320,REGENT & N PARK (WB)
965,12:27,12:02,809,1,null,1320,S BROOM & WEST WASH (NB)
971,12:47,12:35,160,19,6,1320,REGENT & S RANDALL (EB)
989,12:17,12:02,809,1,5,1320,WEST WASH & S BROOM (EB)
1100,12:18,12:02,809,1,null,1320,E MIFFLIN & N PINCKNEY (WB)
1101,12:12,12:02,809,1,null,1320,W MAIN & S CARROLL (EB)
1105,12:36,12:04,809,3,null,1320,MILWAUKEE & WALTER (EB)
1107,12:37,12:15,809,10,null,1320,EAST WASH & S SECOND (EB)
1112,12:54,12:27,809,10,null,1080,EAST WASH & MILWAUKEE (WB)
1121,12:24,12:06,581,3,5,1320,E JOHNSON & N LIVINGSTON (EB)
1123,12:51,12:25,809,2,null,1320,ROTH & RUSKIN (EB)
1125,12:36,12:15,809,10,null,1320,S FIRST & E MAIN (NB)
1127,12:30,12:04,809,3,null,1320,ATWOOD & S MARQUETTE (EB)
1131,12:30,12:06,581,3,5,1320,E JOHNSON & N THIRD (EB)
1133,12:34,12:06,581,3,5,1320,MILWAUKEE & WAUBESA (EB)
1138,12:59,12:15,809,10,null,180,E GORHAM & N BLAIR (WB)
1141,12:38,12:15,809,10,null,1320,EAST WASH & N FOURTH (EB)
1143,12:26,12:04,809,3,null,1320,RUTLEDGE & RIVERSIDE (EB)
1151,12:25,12:06,581,3,5,1320,E JOHNSON & N PATERSON (EB)
1153,12:35,12:04,809,3,null,1320,WALTER & DAWES (NB)
1160,12:52,12:15,809,10,null,1320,E JOHNSON & N FOURTH (WB)
1161,12:50,12:25,809,2,null,1320,N SHERMAN & ROTH (NB)
1163,12:18,12:02,809,1,5,1320,WEST WASH & S CARROLL (EB)
1167,12:21,12:04,809,3,null,1320,JENIFER & S LIVINGSTON (EB)
1169,12:49,12:06,581,3,30,1320,ATWOOD & WALTER (NB)
1177,12:46,12:25,809,2,null,1320,FORDEM & LAKEWOOD (NB)
1188,12:35,12:15,809,10,null,1320,WINNEBAGO & ATWOOD (SB)
1190,12:59,12:06,581,3,30,180,JENIFER & S BREARLY (WB)
1199,12:38,12:15,5,80,6,1320,EAST WASH & S INGERSOLL (EB)
1206,12:46,12:06,581,3,34,1320,MILWAUKEE & LEON (WB)
1208,12:56,12:06,581,3,30,720,WILLIAMSON & ROGERS (WB)
1209,12:27,12:06,581,3,5,1320,E JOHNSON & N INGERSOLL (EB)
1211,12:29,12:04,809,3,null,1320,ATWOOD & HUDSON (EB)
1213,12:37,12:09,5,80,4,1320,WILLIAMSON & S DICKINSON (EB)
1220,12:49,12:06,581,3,32,1320,MILWAUKEE & N BRYAN (WB)
1223,12:35,12:27,809,10,null,1320,E JOHNSON & N HAMILTON (EB)
1225,12:33,12:04,809,3,null,1320,WALTER & ATWOOD (NB)
1233,12:39,12:15,809,10,null,1320,EAST WASH & S SIXTH (EB)
1241,12:41,12:15,5,80,6,1320,EAST WASH & S FIRST (EB)
1250,12:55,12:15,809,10,null,900,E GORHAM & N BALDWIN (WB)
1260,12:25,12:04,809,3,null,1320,ROGERS & RUTLEDGE (SB)
1261,12:22,12:06,581,3,5,1320,N HAMILTON & E JOHNSON (NB)
1269,12:45,12:15,5,80,6,1320,EAST WASH & E JOHNSON (EB)
1270,12:46,12:06,581,3,5,1320,WALTER & MILWAUKEE (SB)
1293,12:33,12:06,581,3,5,1320,MILWAUKEE & EAST WASH (EB)
1301,12:40,12:15,809,10,null,1320,NORTH & EAST WASH (NB)
1305,12:26,12:04,809,3,null,1320,RUTLEDGE & RUSSELL (EB)
1309,12:37,12:06,581,3,5,1320,MILWAUKEE & LEON (EB)
1310,12:43,12:25,809,15,null,1320,W MIFFLIN & N CARROLL (WB)
1311,12:42,12:09,5,80,4,1320,EAST WASH & MILWAUKEE (EB)
1319,12:32,12:06,581,3,5,1320,E JOHNSON & N SEVENTH (EB)
1323,12:34,12:15,5,80,6,1320,EAST WASH & S WEBSTER (EB)
1324,12:19,12:02,809,1,null,1320,N CARROLL & W MIFFLIN (SB)
1325,12:28,12:06,581,3,5,1320,E JOHNSON & N BALDWIN (EB)
1326,12:45,12:09,5,80,4,1320,COMMERCIAL & NORTH LAWN (WB)
1333,12:29,12:06,581,3,5,1320,E JOHNSON & FORDEM (EB)
1343,12:40,12:09,5,80,4,1320,WINNEBAGO & S FOURTH (NB)
1358,13:00,12:15,809,10,null,0,E GORHAM & N HANCOCK (WB)
1372,12:58,12:27,809,10,null,360,S FIRST & E MAIN (SB)
1379,12:47,12:25,809,2,null,1320,FORDEM & MCGUIRE (NB)
1380,12:51,12:09,5,80,4,1320,ABERG & LOFTSGORDAN RR (WB)
1382,12:57,12:27,809,10,null,540,EAST WASH & N SECOND (WB)
1388,12:53,12:06,581,3,30,1260,ATWOOD & DIVISION (WB)
1391,12:29,12:04,809,3,null,1320,ATWOOD & OHIO (EB)
1394,12:47,12:09,5,80,4,1320,COMMERCIAL & NORTH (WB)
1397,12:24,12:06,581,3,5,1320,E JOHNSON & N BLOUNT (EB)
1398,12:53,12:06,581,3,30,1260,ATWOOD & EVERGREEN (WB)
1427,12:48,12:09,5,80,4,1320,PACKERS & COMMERCIAL (NB)
1437,12:36,12:06,581,3,5,1320,MILWAUKEE & S FAIR OAKS (EB)
1453,12:35,12:15,5,80,6,1320,EAST WASH & S BLOUNT (EB)
1462,12:48,12:06,581,3,32,1320,MILWAUKEE & N FAIR OAKS (WB)
1472,12:55,12:06,581,3,30,900,WINNEBAGO & RIVERSIDE (SB)
1474,12:50,12:06,581,3,32,1320,MILWAUKEE & WAUBESA (WB)
1478,12:47,12:06,581,3,5,1320,WALTER & RICHARD (SB)
1481,12:46,12:15,5,80,6,1320,EAST WASH & N MARQUETTE (EB)
1482,12:50,12:06,581,3,32,1320,MILWAUKEE & N MARQUETTE (WB)
1488,12:56,12:27,809,10,null,720,EAST WASH & S FOURTH (WB)
1495,12:21,12:06,581,3,5,1320,N PINCKNEY & E MIFFLIN (NB)
1499,12:39,12:09,5,80,4,1320,WINNEBAGO & ATWOOD (NB)
1505,12:23,12:04,809,3,null,1320,JENIFER & S INGERSOLL (EB)
1509,12:20,12:04,809,3,null,1320,WILLIAMSON & S BLOUNT (EB)
1513,12:40,12:15,5,80,6,1320,EAST WASH & YAHARA (EB)
1518,12:33,12:06,581,3,5,1320,NORTH & E JOHNSON (SB)
1526,12:56,12:06,581,3,30,720,WILLIAMSON & S DICKINSON (WB)
1530,12:57,12:06,581,3,30,540,JENIFER & S BALDWIN (WB)
1536,13:00,12:06,581,3,30,0,JENIFER & S PATERSON (WB)
1555,12:47,12:06,581,3,34,1320,N FAIR OAKS & MILWAUKEE (NB)
1558,12:44,12:25,809,15,null,1320,STATE & W DAYTON (WB)
1559,12:23,12:04,809,3,null,1320,JENIFER & S FEW (EB)
1565,12:37,12:15,5,80,6,1320,EAST WASH & S PATERSON (EB)
1575,12:40,12:09,5,80,4,1320,WINNEBAGO & LINDEN (NB)
1579,12:35,12:15,5,80,6,1320,EAST WASH & S BLAIR (EB)
1595,12:29,12:06,581,3,5,1320,E JOHNSON & N THORTON (EB)
1598,12:33,12:06,581,3,5,1320,NORTH & E MIFFLIN (SB)
1615,12:21,12:04,809,3,null,1320,JENIFER & S PATERSON (EB)
1628,12:50,12:06,581,3,30,1320,ATWOOD & LAKELAND (WB)
1636,12:56,12:15,809,10,null,720,E GORHAM & N INGERSOLL (WB)
1643,12:28,12:04,809,3,null,1320,EASTWOOD & DIVISION (EB)
1645,12:37,12:09,5,80,4,1320,WILLIAMSON & ROGERS (EB)
1659,12:41,12:09,5,80,4,1320,WINNEBAGO & LAFOLLETTE (NB)
1663,12:14,12:04,809,3,null,1320,STATE & W MIFFLIN (EB)
1664,12:58,12:15,809,10,null,360,E GORHAM & N BLOUNT (WB)
1675,12:31,12:06,581,3,5,1320,E JOHNSON & N FOURTH (EB)
1682,12:52,12:06,581,3,30,1320,ATWOOD & OHIO (WB)
1689,12:24,12:04,809,3,null,1320,JENIFER & S BALDWIN (EB)
1695,12:26,12:04,809,3,null,1320,RUTLEDGE & WALTON (EB)
1704,12:51,12:15,809,10,null,1320,E JOHNSON & N SIXTH (WB)
1707,12:45,12:25,809,2,null,1320,FORDEM & E JOHNSON (NB)
1710,12:51,12:06,581,3,30,1320,ATWOOD & S MARQUETTE (WB)
1712,12:34,12:15,809,10,null,1320,ATWOOD & RUSK (WB)
1715,12:50,12:25,809,2,null,1320,N SHERMAN & OXFORD (NB)
1717,12:48,12:25,809,2,null,1320,N SHERMAN & FORDEM (NB)
1737,12:17,12:04,809,3,null,1320,KING & E WILSON (EB)
1748,12:51,12:06,581,3,32,1320,MILWAUKEE & FARWELL (WB)
1750,12:57,12:06,581,3,30,540,JENIFER & S FEW (WB)
1751,12:37,12:06,581,3,5,1320,MILWAUKEE & S FAIR OAKS (EB)
1753,12:57,12:34,809,3,null,540,WINNEBAGO & ATWOOD (NB)
1757,12:46,12:15,5,80,6,1320,EAST WASH & ABERG (EB)
1777,12:44,12:09,5,80,4,1320,OAK & EAST WASH (NB)
1780,12:53,12:15,809,10,null,1260,E JOHNSON & N FIRST (WB)
1785,12:33,12:04,809,3,null,1320,WALTER & CAP CITY PATH (NB)
1786,12:47,12:06,581,3,5,1320,WALTER & DAWES (SB)
1787,12:13,12:02,809,1,null,1320,S PINCKNEY & E MAIN (NB)
1798,12:54,12:15,809,10,null,1080,E JOHNSON & N DICKINSON (WB)
1805,12:39,12:15,5,80,6,1320,EAST WASH & S DICKINSON (EB)
1809,12:34,12:04,809,3,null,1320,WALTER & RICHARD (NB)
1812,12:52,12:15,809,10,null,1320,E JOHNSON & N THIRD (WB)
1813,12:25,12:04,809,3,null,1320,SPAIGHT & S DICKINSON (EB)
1823,12:17,12:04,809,3,null,1320,E MAIN & S PINCKNEY (EB)
1830,12:36,12:15,809,10,null,1320,WINNEBAGO & S FIRST (SB)
1831,12:23,12:06,581,3,5,1320,E JOHNSON & N BLAIR (EB)
1834,12:57,12:15,809,10,null,540,E GORHAM & N PATERSON (WB)
1839,12:19,12:04,809,3,null,1320,E WILSON & S FRANKLIN (EB)
1842,12:49,12:06,581,3,32,1320,MILWAUKEE & ST PAUL (WB)
1843,12:30,12:06,581,3,5,1320,E JOHNSON & N FIRST (EB)
1846,12:55,12:27,809,10,null,900,EAST WASH & N SIXTH (WB)
1852,12:46,12:09,5,80,4,1320,COMMERCIAL & KEDZIE (WB)
1855,12:36,12:06,581,3,5,1320,MILWAUKEE & S BRYAN (EB)
1872,12:22,12:02,809,1,null,1320,M L K JR & CCB (SB)
1873,12:47,12:06,581,3,34,1320,N FAIR OAKS & CHICAGO (NB)
1878,12:58,12:06,581,3,30,360,JENIFER & S INGERSOLL (WB)
1883,12:39,12:15,5,80,6,1320,EAST WASH & S BALDWIN (EB)
1886,12:46,12:06,581,3,34,1320,MILWAUKEE & WALTER (WB)
1887,12:28,12:04,809,3,null,1320,ATWOOD & EVERGREEN (EB)
1890,12:48,12:06,581,3,5,1320,WALTER & CAP CITY PATH (SB)
1892,12:54,12:15,809,10,null,1080,E JOHNSON & FORDEM (WB)
1898,12:52,12:06,581,3,30,1320,ATWOOD & HUDSON (WB)
1901,12:38,12:09,5,80,4,1320,WINNEBAGO & S FIRST (NB)
1905,12:31,12:04,809,3,null,1320,ATWOOD & LAKELAND (EB)
1913,12:36,12:06,581,3,5,1320,MILWAUKEE & ST PAUL (EB)
1923,12:49,12:25,809,2,null,1320,N SHERMAN & COMMERCIAL (NB)
1928,12:51,12:06,581,3,30,1320,ATWOOD & GARRISON (WB)
1935,12:38,12:09,5,80,4,1320,WINNEBAGO & RIVERSIDE (NB)
1944,12:50,12:15,809,10,null,1320,E JOHNSON & NORTH (WB)
1949,12:32,12:06,581,3,5,1320,E JOHNSON & N SIXTH (EB)
1959,12:22,12:04,809,3,null,1320,JENIFER & S BREARLY (EB)
1961,12:58,12:34,809,3,null,360,ATWOOD & RUSK (EB)
1973,12:45,12:09,5,80,4,1320,OAK & COMMERCIAL (NB)
1975,12:35,12:06,581,3,5,1320,MILWAUKEE & S MARQUETTE (EB)
1986,12:50,12:15,809,10,null,1320,E JOHNSON & N SEVENTH (WB)
1995,12:27,12:04,809,3,null,1320,DIVISION & OAKRIDGE (NB)
1996,12:58,12:15,809,10,null,360,E GORHAM & N LIVINGSTON (WB)
2007,12:29,12:17,532,80,null,1320,OBSERVATORY & WALNUT (EB)
2014,12:29,12:11,532,80,null,1320,LAKE MENDOTA & LOT R (SB)
2018,12:24,12:11,532,80,null,1320,EAGLE HTS & LOT E (WB)
2023,12:17,12:11,532,80,null,1320,MARSH & HIGHLAND (EB)
2026,12:24,12:11,532,80,null,1320,EAGLE HTS & LOT F (WB)
2027,12:18,12:11,532,80,null,1320,U BAY & LOT 60 (NB)
2034,12:29,12:11,532,80,null,1320,LAKE MENDOTA & EAGLE HTS (SB)
2039,12:27,12:11,532,80,null,1320,LAKE MENDOTA & LOT N (NB)
2041,12:22,12:11,532,80,null,1320,LAKE MENDOTA & U BAY (NB)
2048,12:30,12:11,532,80,null,1320,LAKE MENDOTA & U BAY (SB)
2050,12:32,12:11,532,80,null,1320,U BAY & LOT 76 (SB)
2053,12:24,12:17,532,80,null,1320,WALNUT & OBSERVATORY (NB)
2054,12:26,12:11,532,80,null,1320,EAGLE HTS & LOT M (WB)
2061,12:27,12:11,532,80,null,1320,LAKE MENDOTA & LOT P (NB)
2071,12:28,12:11,532,80,null,1320,LAKE MENDOTA & LOT Q (NB)
2076,12:27,12:17,532,80,null,1320,MARSH & LOT 76 (WB)
2082,12:25,12:11,532,80,null,1320,EAGLE HTS & SHELTER (WB)
2088,12:15,12:11,532,80,null,1320,OBSERVATORY & WALNUT (WB)
2091,12:28,12:17,532,80,null,1320,OBSERVATORY & HIGHLAND (EB)
2100,12:22,12:12,178,15,null,1320,SHEBOYGAN & STATE OFFICE (WB)
2101,12:28,12:08,178,10,null,1320,SHEBOYGAN & STATE OFFICE (EB)
2105,12:54,12:19,542,3,null,1080,ODANA & FREDERICK (EB)
2112,12:27,12:19,542,3,null,1320,MONROE & GLENWAY (WB)
2114,12:29,12:19,542,3,null,1320,ODANA & ANTHONY (WB)
2119,12:52,12:19,542,3,null,1320,ODANA & CHARLES (EB)
2125,12:16,12:11,532,80,null,1320,HIGHLAND & OBSERVATORY (NB)
2131,12:35,12:08,178,10,null,1320,U BAY & UNIV AVE (NB)
2132,12:25,12:19,542,3,null,1320,MONROE & PICKFORD (WB)
2134,12:45,12:27,5,80,6,1320,MINERAL PT & TOEPFER (WB)
2138,12:49,12:30,692,2,null,1320,REGENT & EAU CLAIRE (WB)
2139,12:58,12:19,542,3,null,360,MONROE & WEST LAWN (EB)
2145,12:32,12:17,532,80,null,1320,OBSERVATORY & BABCOCK (EB)
2146,12:23,12:21,692,10,null,1320,UNIV AVE & FOREST (WB)
2164,12:40,12:27,5,80,6,1320,REGENT & N ALLEN (WB)
2175,12:19,12:08,178,10,null,1320,SHEBOYGAN & EAU CLAIRE (EB)
2178,12:53,12:27,5,80,6,1260,SCIENCE & S WHITNEY (WB)
2180,12:40,12:02,809,1,null,1320,COMMONWEALTH & RUGBY (SB)
2182,12:53,12:18,160,3,18,1260,TOKAY & S SEGOE (WB)
2184,12:22,12:12,178,15,null,1320,SHEBOYGAN & N SEGOE (WB)
2191,12:31,12:08,178,10,null,1320,UNIV AVE & N MIDVALE (EB)
2192,12:24,12:21,692,10,null,1320,UNIV AVE & WALNUT (WB)
2193,12:31,12:19,178,70,null,1320,UNIV AVE & SPRING HARBOR (NB)
2195,12:31,12:17,532,80,null,1320,OBSERVATORY & ELM (EB)
2197,12:31,12:19,178,70,null,1320,UNIV AVE & NORMAN (NB)
2199,12:46,12:30,692,2,null,1320,N SEGOE & KELAB (NB)
2200,12:16,12:08,178,10,null,1320,UNIV AVE & N MIDVALE (WB)
2202,12:53,12:18,160,3,18,1260,TOKAY & WEDGEWOOD (WB)
2204,12:58,12:25,809,15,null,360,BLUFF & N BLACKHAWK (WB)
2206,12:58,12:25,809,15,null,360,BLUFF & PALOMINO (WB)
2212,12:29,12:19,542,3,null,1320,ODANA & FREDERICK (WB)
2220,12:24,12:12,178,15,null,1320,OLD MIDDLETON & N WHITNEY (WB)
2222,12:51,12:18,160,3,18,1320,TOKAY & CHARLES (WB)
2224,12:31,12:19,542,3,null,1320,ODANA & HILLTOP (WB)
2226,12:54,12:18,160,3,18,1080,TOKAY & BLUEBIRD (WB)
2236,12:25,12:12,178,15,null,1320,OLD MIDDLETON & GETTLE (WB)
2240,12:26,12:17,532,80,null,1320,MARSH & LOT 60 (WB)
2250,12:48,12:27,5,80,6,1320,MINERAL PT & S SEGOE (WB)
2253,12:50,12:19,542,3,null,1320,ODANA & DEARHOLT (EB)
2264,12:58,12:25,809,15,null,360,BLUFF & LES CHATEAUX APT (WB)
2265,12:55,12:19,542,3,null,900,ODANA & HURON (EB)
2267,12:30,12:17,532,80,null,1320,OBSERVATORY & NATATORIUM (EB)
2268,12:15,12:08,178,10,null,1320,UNIV AVE & N BLACKHAWK (WB)
2270,12:14,12:08,178,10,null,1320,UNIV AVE & RIDGE (WB)
2274,12:52,12:18,160,3,18,1320,TOKAY & HILLTOP (WB)
2282,12:24,12:12,178,15,null,1320,SHEBOYGAN & N WHITNEY (WB)
2288,12:19,12:08,178,10,null,1320,EAU CLAIRE & OLD MIDDLETON (SB)
2290,12:24,12:19,542,3,null,1320,MONROE & WEST LAWN (WB)
2302,12:33,12:19,542,3,null,1320,ODANA & DEARHOLT (WB)
2306,12:39,12:02,809,1,null,1320,N ALLEN & REGENT (SB)
2320,12:50,12:27,5,80,6,1320,MINERAL PT & RACINE (WB)
2344,12:53,12:27,5,80,6,1260,SCIENCE & UW CLINIC (WB)
2349,12:27,12:17,532,80,null,1320,HIGHLAND & MARSH (EB)
2357,12:53,12:19,542,3,null,1260,ODANA & ANTHONY (EB)
2362,12:44,12:30,692,2,null,1320,N MIDVALE & HILLDALE (SB)
2370,12:17,12:08,178,10,null,1320,UNIV AVE & N SEGOE (WB)
2374,12:43,12:27,5,80,6,1320,SPEEDWAY & S FRANKLIN (WB)
2376,12:23,12:12,178,15,null,1320,SHEBOYGAN & EAU CLAIRE (WB)
2379,12:48,12:19,542,3,null,1320,ODANA & S WHITNEY (EB)
2380,12:25,12:19,542,3,null,1320,MONROE & KNICKERBOCKER (WB)
2389,12:59,12:19,542,3,null,180,MONROE & LEONARD (EB)
2393,12:25,12:21,692,10,null,1320,HIGHLAND & VA HOSP (NB)
2395,12:28,12:08,178,10,null,1320,SHEBOYGAN & N SEGOE (EB)
2433,12:53,12:19,542,3,null,1260,ODANA & S MIDVALE (EB)
2442,12:14,12:11,532,80,null,1320,OBSERVATORY & NATATORIUM (WB)
2447,12:59,12:19,542,3,null,180,MONROE & EDGEWOOD (EB)
2465,12:39,12:12,160,15,14,1320,UNIV AVE & U BAY (EB)
2470,12:44,12:27,5,80,6,1320,SPEEDWAY & GLENWAY (WB)
2472,12:48,12:27,5,80,6,1320,MINERAL PT & ROBIN (WB)
2473,12:36,12:08,178,10,null,1320,HIGHLAND & WAISMAN CTR (NB)
2480,12:42,12:02,809,1,null,1320,COMMONWEALTH & MONROE (SB)
2488,12:52,12:27,5,80,6,1320,SCIENCE & 535 (WB)
2494,12:56,12:25,809,15,null,720,N FRANKLIN & UNIV AVE (SB)
2496,12:42,12:27,5,80,6,1320,SPEEDWAY & HILLCREST (WB)
2499,12:58,12:19,542,3,null,360,MONROE & COMMONWEALTH (EB)
2500,12:45,12:30,692,2,null,1320,HILLDALE DR & MALL (WB)
2505,12:56,12:19,542,3,null,720,MONROE & GLENWAY (EB)
2524,12:23,12:19,542,3,null,1320,MONROE & LEONARD (WB)
2532,12:59,12:25,809,15,null,180,REGENT & MEADOW (WB)
2561,12:21,12:10,184,80,2,1320,UNIV AVE & HIGHLAND (EB)
2562,13:00,12:25,809,15,null,0,REGENT & PRICE (WB)
2566,12:22,12:19,542,3,null,1320,MONROE & S PROSPECT (WB)
2576,12:29,12:21,692,10,null,1320,U BAY & MARSHALL (SB)
2593,12:54,12:19,542,3,null,1080,ODANA & SENECA (EB)
2595,12:32,12:08,178,10,null,1320,UNIV AVE & SHOREWOOD (EB)
2597,12:50,12:19,542,3,null,1320,ODANA & WEDGEWOOD (EB)
2605,12:22,12:10,184,80,2,1320,UNIV AVE & WALNUT (EB)
2608,12:21,12:19,542,3,null,1320,MONROE & SPOONER (WB)
2620,12:27,12:21,692,10,null,1320,HIGHLAND & MARSH (WB)
2624,12:41,12:02,809,1,null,1320,COMMONWEALTH & LEONARD (SB)
2638,12:47,12:27,5,80,6,1320,MINERAL PT & S MIDVALE (WB)
2640,12:40,12:02,809,1,null,1320,S ALLEN & COMMONWEALTH (SB)
2642,12:15,12:08,178,10,null,1320,UNIV AVE & SCHMITT (WB)
2643,12:25,12:21,692,10,null,1320,HIGHLAND & UNIV AVE (NB)
2665,12:53,12:18,160,3,50,1260,S WHITNEY & ODANA (NB)
2670,12:53,12:30,692,2,null,1260,S WHITNEY & MINERAL PT (SB)
2672,12:41,12:27,5,80,6,1320,SPEEDWAY & HIGHLAND (WB)
2673,12:57,12:19,542,3,null,540,MONROE & PICKFORD (EB)
2678,12:38,12:02,809,1,null,1320,N ALLEN & CHAMBERLAIN (SB)
2684,12:52,12:30,692,2,null,1320,S WHITNEY & SOUTH HILL (SB)
2691,12:46,12:35,160,19,6,1320,REGENT & SPOONER (EB)
2698,12:13,12:08,178,10,null,1320,UNIV AVE & U BAY (WB)
2700,12:39,12:27,5,80,6,1320,REGENT & N PROSPECT (WB)
2702,12:40,12:27,5,80,6,1320,REGENT & VISTA (WB)
2710,12:42,12:02,809,1,null,1320,COMMONWEALTH & GREGORY (SB)
2714,12:15,12:08,178,10,null,1320,UNIV AVE & SHOREWOOD (WB)
2715,12:33,12:08,178,10,null,1320,UNIV AVE & SCHMITT (EB)
2717,12:22,12:10,184,80,2,1320,UNIV AVE & FOREST (EB)
2718,12:26,12:12,178,15,null,1320,OLD MIDDLETON & N ROSA (WB)
2729,12:51,12:19,542,3,null,1320,ODANA & HILLTOP (EB)
2732,12:32,12:19,542,3,null,1320,ODANA & WEDGEWOOD (WB)
2734,12:46,12:27,5,80,6,1320,MINERAL PT & S OWEN (WB)
2742,12:57,12:25,809,15,null,540,BLUFF & RIDGE (WB)
2749,13:00,12:19,542,3,null,0,MONROE & HARRISON (EB)
2755,12:31,12:08,178,10,null,1320,UNIV AVE & N BLACKHAWK (EB)
2759,12:57,12:19,542,3,null,540,MONROE & CHAPMAN (EB)
2762,12:59,12:25,809,15,null,180,REGENT & N OWEN (WB)
2770,12:28,12:21,692,10,null,1320,HIGHLAND & WAISMAN CTR (SB)
2778,12:34,12:19,542,3,null,1320,ODANA & S WHITNEY (WB)
2786,12:31,12:19,542,3,null,1320,ODANA & CHARLES (WB)
2790,12:30,12:19,178,70,null,1320,UNIV AVE & N WHITNEY (WB)
2798,12:50,12:30,692,2,null,1320,S WHITNEY & REGENT (SB)
2801,12:49,12:19,542,3,null,1320,ODANA & S SEGOE (EB)
2806,12:22,12:21,692,10,null,1320,UNIV AVE & PRINCETON (WB)
2812,12:44,12:30,692,2,null,1320,N MIDVALE & UNIV AVE (SB)
2822,12:20,12:10,184,80,2,1320,HIGHLAND & VA HOSP (SB)
2838,12:26,12:19,542,3,null,1320,MONROE & CHAPMAN (WB)
2840,13:00,12:25,809,15,null,0,REGENT & N SEGOE (WB)
2846,12:21,12:12,178,15,null,1320,N SEGOE & UNIV AVE (SB)
2850,12:38,12:27,5,80,6,1320,REGENT & SPOONER (WB)
2856,12:25,12:19,542,3,null,1320,MONROE & COMMONWEALTH (WB)
2867,12:30,12:19,178,70,null,1320,UNIV AVE & TOMAHAWK (NB)
2872,12:30,12:19,542,3,null,1320,ODANA & S MIDVALE (WB)
2880,12:38,12:02,809,1,null,1320,N ALLEN & UNIV AVE (SB)
2881,12:31,12:11,532,80,null,1320,U BAY & PICNIC PT (EB)
2883,12:57,12:19,542,3,null,540,MONROE & KNICKERBOCKER (EB)
2887,13:00,12:19,542,3,null,0,MONROE & S PROSPECT (EB)
2890,12:45,12:27,5,80,6,1320,MINERAL PT & WESTMORLAND (WB)
2898,12:51,12:30,692,2,null,1320,S WHITNEY & 126 (SB)
2899,12:44,12:35,160,19,6,1320,REGENT & S ALLEN (EB)
2914,12:26,12:19,542,3,null,1320,MONROE & WESTERN (WB)
2916,12:38,12:08,178,10,null,1320,HIGHLAND & OBSERVATORY (SB)
2918,12:28,12:19,542,3,null,1320,ODANA & HURON (WB)
2921,12:23,12:10,184,80,2,1320,UNIV AVE & PRINCETON (EB)
2923,12:29,12:08,178,10,null,1320,UNIV AVE & N SEGOE (EB)
2938,12:20,12:11,532,80,null,1320,U BAY & PICNIC PT (WB)
2945,12:33,12:08,178,10,null,1320,UNIV AVE & RIDGE (EB)
2946,12:33,12:19,542,3,null,1320,ODANA & S SEGOE (WB)
2948,12:21,12:19,542,3,null,1320,MONROE & GARFIELD (WB)
2949,12:45,12:35,160,19,6,1320,REGENT & S PROSPECT (EB)
2970,12:23,12:19,542,3,null,1320,MONROE & EDGEWOOD (WB)
2972,12:50,12:18,160,3,18,1320,TOKAY & S MIDVALE (WB)
2978,12:13,12:11,532,80,null,1320,OBSERVATORY & ELM (WB)
2980,12:49,12:27,5,80,6,1320,MINERAL PT & BERWYN (WB)
2982,12:51,12:27,5,80,6,1320,SCIENCE & SCIENCE (SB)
2984,12:54,12:30,692,2,null,1080,S WHITNEY & SCIENCE (SB)
2996,12:12,12:11,532,80,null,1320,OBSERVATORY & BABCOCK (WB)
2998,12:57,12:25,809,15,null,540,KENDALL & N FRANKLIN (WB)
4085,12:55,12:02,809,1,null,900,HELENE & BRITTA (NB)
4100,12:30,12:06,581,3,4,1320,SOUTH TRANSFER POINT
4101,12:24,12:06,581,3,4,1320,SOUTH TRANSFER: ARRIVALS ONLY
4122,12:53,12:02,809,1,null,1260,WHENONA & S BELTINE FT (SB)
4149,12:51,12:02,809,1,null,1320,MOHAWK & SEMINOLE (EB)
4158,12:57,12:02,809,1,null,540,ALLIED & THURSTON (SB)
4176,12:35,12:18,160,3,18,1320,S MIDVALE & YUMA (SB)
4179,12:45,12:18,160,3,18,1320,E VERONA FT & ATTICUS (NB)
4191,13:00,12:02,809,1,null,0,RED ARROW & JENEWEIN (NB)
4202,12:41,12:18,160,3,18,1320,RED ARROW & JENEWEIN (SB)
4217,12:46,12:18,160,3,18,1320,BRITTA & NIEMANN (EB)
4326,12:39,12:18,160,3,18,1320,W VERONA FT & SUMMIT (SB)
4333,13:00,12:02,809,1,null,0,RED ARROW & PAWNEE (NB)
4342,12:36,12:18,160,3,18,1320,S MIDVALE & CHEROKEE (SB)
4346,12:49,12:02,809,1,null,1320,NAKOMA & WABAN (WB)
4354,12:37,12:18,160,3,18,1320,S MIDVALE & NAKOMA (SB)
4368,12:38,12:18,160,3,18,1320,VERONA & BELTLINE (SB)
4382,12:46,12:02,809,1,null,1320,NAKOMA & HURON (WB)
4437,12:44,12:18,160,3,18,1320,E VERONA FT & RED ARROW (NB)
4446,12:58,12:02,809,1,null,360,ALLIED & JENEWEIN (SB)
4456,12:56,12:02,809,1,null,720,E VERONA FT & BRITTA (SB)
4500,12:40,12:18,160,3,18,1320,RED ARROW & THURSTON (SB)
4539,12:48,12:18,160,3,18,1320,S BELTLINE FT & SEMINOLE (EB)
4560,12:52,12:02,809,1,null,1320,S BELTLINE FT & SEMINOLE (WB)
4580,12:41,12:18,160,3,18,1320,RED ARROW & PAWNEE (SB)
4663,12:44,12:18,160,3,18,1320,ALLIED & THURSTON (NB)
4685,12:48,12:18,160,3,18,1320,S BELTLINE FT & DANBURY (EB)
4700,12:54,12:02,809,1,null,1080,CRAWFORD & HELENE (WB)
4714,12:40,12:18,160,3,18,1320,E VERONA FT & RED ARROW (WB)
4718,12:46,12:02,809,1,null,1320,NAKOMA & SPRING (WB)
4743,12:50,12:02,809,1,null,1320,MOHAWK & DANBURY (EB)
4769,12:59,12:02,809,1,null,180,CRESCENT & RED ARROW (EB)
4791,12:43,12:18,160,3,18,1320,ALLIED & LOVELL (NB)
4798,12:56,12:02,809,1,null,720,E VERONA FT & ATTICUS (SB)
4806,12:58,12:02,809,1,null,360,ALLIED & LOVELL (SB)
4830,12:52,12:02,809,1,null,1320,SEMINOLE & DONCASTER (SB)
4847,12:59,12:02,809,1,null,180,CRESCENT & ALLIED (EB)
4848,12:48,12:02,809,1,null,1320,NAKOMA & SEMINOLE (SB)
4849,12:44,12:18,160,3,18,1320,ALLIED & JENEWEIN (NB)
4851,12:50,12:02,809,1,null,1320,MOHAWK & NAKOMA (EB)
4856,12:42,12:18,160,3,18,1320,CRESCENT & RED ARROW (WB)
4909,12:46,12:18,160,3,18,1320,BRITTA & E VERONA FT (EB)
4927,12:50,12:02,809,1,null,1320,MOHAWK & WHENONA (EB)
4957,12:47,12:18,160,3,18,1320,WHENONA & S BELTINE FT (NB)
4964,12:49,12:02,809,1,null,1320,NAKOMA & WHENONA (WB)
4986,12:54,12:02,809,1,null,1080,CRAWFORD & WHENONA (WB)
4990,12:42,12:18,160,3,18,1320,CRESCENT & ALLIED (WB)
5100,13:00,12:25,809,2,null,0,NORTH TRANSFER POINT
5101,12:52,12:25,809,2,null,1320,NORTH TRANSFER: ARRIVALS ONLY
6100,12:45,12:19,542,3,null,1320,WEST TRANSFER POINT
6101,12:37,12:19,542,3,null,1320,WEST TRANSFER: ARRIVALS ONLY
6110,12:40,12:19,178,70,null,1320,VALLEY RDG & SOUTH RDG (SB)
6120,12:42,12:19,178,70,null,1320,CENTURY & MARINA (WB)
6122,12:59,12:12,160,15,73,180,GREENWAY & J Q HAMMONS (WB)
6130,12:38,12:12,178,15,null,1320,RANDOLPH & WESTWARD (SB)
6140,12:35,12:12,178,15,null,1320,N HIGH PT & SAUK CREEK (SB)
6146,12:49,12:19,178,70,null,1320,PARK & PHEASANT BR PATH (SB)
6157,12:48,12:19,178,70,null,1320,DONNA & NORTHBROOK (EB)
6165,12:50,12:12,160,15,73,1320,EXCELSIOR & ASSOCIATED BANK (NB)
6166,12:41,12:12,178,15,null,1320,MINERAL PT & HIGH PT (WB)
6171,12:34,12:19,178,70,null,1320,ALLEN & MARSHALL PK (NB)
6176,12:30,12:12,178,15,null,1320,OLD SAUK & N GAMMON (WB)
6205,12:36,12:19,178,70,null,1320,ALLEN & CENTURY (NB)
6208,12:50,12:19,178,70,null,1320,PARK LAWN & FRANKLIN (SB)
6243,12:32,12:19,178,70,null,1320,UNIV AVE & CAPITAL (NB)
6265,12:35,12:19,542,3,null,1320,TOKAY & ODANA (NB)
6273,12:46,12:12,178,15,null,1320,JUNCTION & HARBOUR TOWN (NB)
6288,12:44,12:19,178,70,null,1320,CENTURY & DONNA (WB)
6296,12:46,12:19,542,3,null,1320,TOKAY & UW RESEARCH PK (WB)
6301,12:35,12:19,178,70,null,1320,ALLEN & MENDOTA (NB)
6304,12:55,12:19,178,70,null,900,DEMING & TERRACE (SB)
6340,12:27,12:12,178,15,null,1320,OLD SAUK & OZARK (WB)
6354,13:00,12:12,160,15,73,0,GREENWAY & ASPEN (WB)
6365,12:47,12:12,178,15,null,1320,JUNCTION & CITY CENTER W (NB)
6388,12:45,12:19,178,70,null,1320,CENTURY & PARK (WB)
6423,12:36,12:19,542,3,null,1320,TOKAY & UW RESEARCH PK (NB)
6439,12:33,12:19,178,70,null,1320,ALLEN & UNIV AVE (NB)
6440,12:38,12:12,178,15,null,1320,D`ONOFRIO & MINERAL PT (SB)
6450,12:38,12:12,178,15,null,1320,RANDOLPH & TREE (SB)
6457,12:44,12:12,178,15,null,1320,JUNCTION & PRAIRIE TWN CTR (NB)
6458,12:50,12:19,178,70,null,1320,FRANKLIN & BRISTOL (WB)
6466,12:33,12:12,178,15,null,1320,N WESTFIELD & OLD SAUK (SB)
6470,12:54,12:19,178,70,null,1080,DEMING & COUNTRY INN (WB)
6476,12:57,12:19,178,70,null,540,J Q HAMMONS & GREENWAY (SB)
6506,12:29,12:12,178,15,null,1320,OLD SAUK & EVERGLADE (WB)
6519,12:53,12:12,160,15,73,1260,DEMING & HOLIDAY (NB)
6527,12:49,12:12,160,15,73,1320,EXCELSIOR & OLD SAUK (NB)
6541,12:48,12:19,542,3,null,1320,ODANA & MEDICAL (EB)
6551,12:45,12:12,178,15,null,1320,JUNCTION & ELDERBERRY (NB)
6560,12:40,12:19,178,70,null,1320,VALLEY RDG & CENTURY (SB)
6569,12:33,12:19,178,70,null,1320,UNIV AVE & HEIM (NB)
6570,12:34,12:12,178,15,null,1320,OLD SAUK & WIDGEON (WB)
6582,12:41,12:19,178,70,null,1320,CENTURY & BASKERVILLE (WB)
6605,12:48,12:12,160,15,73,1320,JUNCTION & OLD SAUK (NB)
6628,12:43,12:19,178,70,null,1320,CENTURY & BRANCH (WB)
6651,12:36,12:19,178,70,null,1320,CENTURY & MARINA (EB)
6653,12:37,12:19,178,70,null,1320,CENTURY & BASKERVILLE (EB)
6656,12:55,12:19,178,70,null,900,DEMING & MURPHY (SB)
6667,12:54,12:12,160,15,73,1080,J Q HAMMONS & GREENWAY (NB)
6676,12:42,12:19,178,70,null,1320,CENTURY & ALLEN (WB)
6678,12:26,12:12,178,15,null,1320,OLD SAUK & CRESTWOOD ES (WB)
6681,12:37,12:12,178,15,null,1320,TREE & HIGH PT (EB)
6684,12:46,12:19,178,70,null,1320,CENTURY & NORTHBROOK (WB)
6689,12:51,12:12,160,15,73,1320,FOURIER & J Q HAMMONS (NB)
6691,12:35,12:19,178,70,null,1320,ALLEN & MAYWOOD (NB)
6728,12:35,12:19,542,3,null,1320,ODANA & MEDICAL (WB)
6767,12:41,12:12,178,15,null,1320,S HIGH PT & BIG SKY (NB)
6771,12:47,12:19,542,3,null,1320,ODANA & TOKAY (EB)
6780,12:31,12:12,178,15,null,1320,SAWMILL & RAMSGATE (WB)
6784,12:28,12:12,178,15,null,1320,OLD SAUK & YOSEMITE (WB)
6798,12:52,12:19,178,70,null,1320,DISCOVERY & PARMENTER (WB)
6805,12:51,12:19,178,70,null,1320,PARMENTER & FRANKLIN (NB)
6811,12:53,12:12,160,15,73,1260,J Q HAMMONS & HOLIDAY (NB)
6814,12:36,12:12,178,15,null,1320,N HIGH PT & BRULE (SB)
6823,12:50,12:12,160,15,73,1320,FOURIER & EXCELSIOR (NB)
6827,12:40,12:12,178,15,null,1320,S HIGH PT & D`ONOFRIO (NB)
6838,13:00,12:12,160,15,73,0,GREENWAY & DEMING (WB)
6848,12:39,12:12,178,15,null,1320,D`ONOFRIO & WEST TOWNE (SB)
6852,12:47,12:19,178,70,null,1320,PARMENTER & CENTURY (SB)
6853,12:48,12:19,178,70,null,1320,DONNA & PARMENTER (EB)
6854,12:31,12:12,178,15,null,1320,SAWMILL & N GAMMON (WB)
6856,12:50,12:19,178,70,null,1320,PARK LAWN & MAYWOOD (SB)
6878,12:39,12:19,178,70,null,1320,SOUTH RDG & CTH Q (WB)
6885,12:52,12:19,178,70,null,1320,PARMENTER & LEE (NB)
6901,12:38,12:19,178,70,null,1320,CENTURY & VALLEY RDG (EB)
6902,12:33,12:12,178,15,null,1320,OLD SAUK & SAUKDALE (WB)
6910,12:32,12:12,178,15,null,1320,SAWMILL & N WESTFIELD (WB)
6923,12:43,12:12,178,15,null,1320,JUNCTION & MINERAL PT (NB)
6924,12:53,12:19,178,70,null,1260,DEMING & DISCOVERY (SB)
6925,12:45,12:12,178,15,null,1320,JUNCTION & COPPS (NB)
6929,12:49,12:19,178,70,null,1320,DONNA & PARK (EB)
6931,12:52,12:12,160,15,73,1320,FOURIER & 1233 (NB)
6958,12:56,12:19,178,70,null,720,DEMING & J Q HAMMONS (SB)
6965,13:00,12:19,178,70,null,0,GREENWAY & J Q HAMMONS (EB)
6972,12:35,12:12,178,15,null,1320,N HIGH PT & OLD SAUK (SB)
6981,12:52,12:12,160,15,73,1320,DEMING & FOURIER (EB)
7100,12:45,12:04,809,3,null,1320,EAST TRANSFER POINT
7101,12:37,12:04,809,3,null,1320,EAST TRANSFER: ARRIVALS ONLY
7129,12:52,12:06,581,3,17,1320,BUCKEYE & TURNER (EB)
7131,12:51,12:06,581,3,5,1320,BUCKEYE & MONONA (EB)
7132,12:54,12:06,581,3,5,1080,TURNER & KAY (SB)
7144,12:57,12:06,581,3,5,540,PFLAUM & ALDER (WB)
7167,12:47,12:04,809,3,null,1320,MILWAUKEE & WALBRIDGE (EB)
7168,12:54,12:06,581,3,17,1080,E STOUGHTON FT & DEAN EAST (WB)
7169,12:46,12:04,809,3,null,1320,MILWAUKEE & DEMPSEY (EB)
7182,12:49,12:06,581,3,5,1320,ATWOOD & OLBRICH (SB)
7194,12:56,12:06,581,3,5,720,PFLAUM & HERRO (WB)
7199,12:55,12:06,581,3,17,900,HELGESEN & ADVANCE (EB)
7209,12:48,12:04,809,3,null,1320,MILWAUKEE & PORTLAND (EB)
7232,12:56,12:06,581,3,5,720,PFLAUM & GROVELAND (WB)
7235,12:53,12:06,581,3,17,1260,E BUCKEYE & E STOUGHTON FT (EB)
7277,12:55,12:06,581,3,17,900,HELGESEN & E STOUGHTON FT (EB)
7296,12:49,12:06,581,3,5,1320,ATWOOD & MARGARET (SB)
7304,12:48,12:06,581,3,17,1320,DEMPSEY & ANCHOR (SB)
7331,12:59,12:06,581,3,17,180,AGRICULTURE & DAIRY (NB)
7348,12:54,12:06,581,3,5,1080,TURNER & RUTH (SB)
7374,12:49,12:06,581,3,17,1320,DEMPSEY & COTTAGE GR (SB)
7391,12:56,12:06,581,3,17,720,PFLAUM & ADVANCE (EB)
7402,12:55,12:06,581,3,5,900,TURNER & LINDA VISTA (SB)
7417,12:58,12:06,581,3,17,360,AGRICULTURE & WORLD DAIRY (NB)
7490,12:50,12:06,581,3,17,1320,DEMPSEY & GARY (SB)
7514,12:46,12:06,581,3,17,1320,DEMPSEY & MILWAUKEE (SB)
7559,12:51,12:06,581,3,17,1320,BUCKEYE & LAKEVIEW (EB)
7569,12:59,12:06,581,3,17,180,AGRICULTURE & PFLAUM (NB)
7583,13:00,12:06,581,3,17,0,VONDRON & MUSTANG (NB)
7617,12:57,12:06,581,3,17,540,PFLAUM & DANIELS (EB)
7633,12:48,12:04,809,3,null,1320,MILWAUKEE & MILO (EB)
7638,12:48,12:06,581,3,17,1320,DEMPSEY & DENNETT (SB)
7640,12:55,12:06,581,3,5,900,TURNER & PFLAUM (SB)
7658,12:50,12:06,581,3,17,1320,DAVIES & MAJOR (WB)
7670,12:50,12:06,581,3,17,1320,DEMPSEY & MAHER (SB)
7689,12:52,12:06,581,3,17,1320,BUCKEYE & CAMDEN (EB)
7694,12:54,12:06,581,3,5,1080,TURNER & HOB (SB)
7706,12:47,12:06,581,3,17,1320,DEMPSEY & PAUS (SB)
7716,12:53,12:06,581,3,5,1260,TURNER & ALLIS (SB)
7782,12:48,12:06,581,3,17,1320,DEMPSEY & CAP CITY PATH (SB)
7815,12:58,12:06,581,3,17,360,WORLD DAIRY & DAIRY (EB)
7823,12:51,12:06,581,3,17,1320,BUCKEYE & DAVIES (EB)
7834,12:50,12:06,581,3,5,1320,ATWOOD & COTTAGE GR (SB)
7888,12:48,12:06,581,3,5,1320,ATWOOD & WALTER (SB)
7987,13:00,12:06,581,3,17,0,VONDRON & DATCP DR (NB)
7990,12:46,12:06,581,3,17,1320,DEMPSEY & PED BRIDGE (SB)
9116,12:56,12:15,5,80,6,720,MELODY & INDEPENDENCE (WB)
9133,12:49,12:15,5,80,6,1320,EAST WASH & REINDAHL (EB)
9135,12:48,12:15,5,80,6,1320,EAST WASH & LEXINGTON (EB)
9137,12:52,12:04,809,3,null,1320,N THOMPSON & MESTA (NB)
9143,12:58,12:15,5,80,6,360,PORTAGE & DEREK (NB)
9146,12:57,12:15,5,80,6,540,MELODY & PORTAGE (WB)
9167,12:48,12:04,809,3,null,1320,SWANTON & MILWAUKEE (NB)
9207,12:55,12:15,5,80,6,900,DWIGHT & INDEPENDENCE (EB)
9225,12:50,12:15,5,80,6,1320,EAST WASH & SCHMEDEMAN (EB)
9243,12:51,12:04,809,3,null,1320,N THOMPSON & N COMMERCIAL (NB)
9274,12:52,12:06,581,3,34,1320,SHOPKO DR & COPPS (WB)
9291,12:55,12:04,809,3,null,900,N THOMPSON & WAYWOOD (NB)
9339,12:48,12:15,5,80,6,1320,EAST WASH & MELVIN (EB)
9432,12:56,12:04,809,3,null,720,LIEN & ZEIER (WB)
9439,12:52,12:04,809,3,null,1320,N THOMPSON & JANA (NB)
9491,12:52,12:15,5,80,6,1320,EAST WASH & LIEN (EB)
9551,12:51,12:15,5,80,6,1320,EAST WASH & MAC ARTHUR (EB)
9573,12:51,12:15,5,80,6,1320,EAST WASH & MENDOTA (EB)
9587,12:53,12:15,5,80,6,1260,EAST WASH & PORTAGE (EB)
9633,13:00,12:15,5,80,6,0,HAYES & PORTAGE (EB)
9645,12:54,12:04,809,3,null,1080,N THOMPSON & OAK VALLEY (NB)
9670,12:56,12:15,5,80,6,720,MELODY & STUART (WB)
9677,12:59,12:04,809,3,null,180,EAST TOWNE & EAGAN (EB)
9715,12:59,12:15,5,80,6,180,PORTAGE & VILLAGE (NB)
9719,12:58,12:04,809,3,null,360,EAGAN & LIEN (NB)
9723,12:58,12:15,5,80,6,360,PORTAGE & RIEDER (NB)
9740,12:49,12:06,581,3,34,1320,COMMERCIAL & N FAIR OAKS (WB)
9745,12:53,12:04,809,3,null,1260,N THOMPSON & GOLDEN LF (NB)
9801,13:00,12:04,809,3,null,0,E TOWNE: ARRIVALS ONLY (EB)
9811,12:49,12:04,809,3,null,1320,SWANTON & EASLEY (NB)
9837,12:51,12:06,581,3,34,1320,SHOPKO & ABERG (NB)
9897,12:49,12:15,5,80,6,1320,EAST WASH & WRIGHT (EB)
9939,12:59,12:15,5,80,6,180,PORTAGE & TOMSCOT (NB)
9951,12:54,12:04,809,3,null,1080,N THOMPSON & SYCAMORE (NB)
9975,12:55,12:15,5,80,6,900,CONTINENTAL & EAST WASH (NB)
9989,12:50,12:04,809,3,null,1320,SWANTON & N THOMPSON (NB)
